<?xml version="1.0" encoding="utf-8"?>
<!DOCTYPE archive [
	<!ENTITY prologue SYSTEM "Metadata\Prologue.xml">
	<!ENTITY structure SYSTEM "Metadata\Structure.xml">
]>
<archive guid="{D3B3761A-43BA-4623-9A34-5F27AC49519E}" version="2" build="11.3.4330.143" oldestcompatiblebuild="0.0.0.0">
  <features>
    <feature id="07C6C5D0-B6B8-4033-B563-86F7CBF89CFB" name="ParallelWorkflowStructure" pkgver="2" />
    <feature id="19E9ED12-1AA6-46C5-8D79-AD353CA3BF63" name="ExternalGroupImportMode" pkgver="1" />
    <feature id="4D00ED25-C6A1-42AB-8BBA-54CDA5821375" name="ManageWorkflows" pkgver="1" />
    <feature id="C9D23648-C025-4538-B16B-86D90CBF5A50" name="RestrictedTransitionsOnly" pkgver="1" />
    <feature id="CFA17B7A-A15C-4DFD-A623-BC702F1CB340" name="AllowObjectTypeAndPropertyDefAsGroupingLevel" pkgver="1" />
    <feature id="DA7A4174-A872-4CBE-BCCE-27AF6E21E254" name="CustomDataForObjTypesAndPropDefs" pkgver="1" />
    <feature id="DB876C6E-31F3-49A7-945F-E5709CBE04BA" name="IgnoreObjectACLsForSubfoldersListing" pkgver="1" />
  </features>
  <timestamp value="2017-05-17T17:31:43.989Z" />
  <delta applied="true" value="2017-05-17T17:05:44.170Z" />
  <vault guid="{862A89B8-89CD-4AE0-98FF-8F32049F6DFC}" extendedmetadatadrivenpermissions="true" />
  <statistics objectcount="0" vlitemcount="0" />
  <flags>
    <MultipleArchivesInTargetLocation />
    <IgnoreChangesBefore />
  </flags>
&prologue;
&structure;
</archive>