﻿<?xml version="1.0" encoding="utf-8"?>
<application xmlns:xsi="http://www.w3.org/2001/XMLSchema-instance" xsi:noNamespaceSchemaLocation="http://www.m-files.com/schemas/appdef.xsd">
  <guid>87029615-F2B4-4A1B-8804-0F60FEE8B8D9</guid>
  <name>MFSQL Connector Context Menu UIX</name>
  <version>4.4.0.0</version>
  <description>Custom menu for MFSQL Connector Commands</description>
  <publisher>Laminin Solutions</publisher>
  <copyright>(c) Laminin Solutions 2016</copyright>
  <required-mfiles-version>11.2.3420.0</required-mfiles-version>
  <modules>
    <module environment="shellui">
      <file>main.js</file>
    </module>
  </modules>
  <dashboards>
    <dashboard id="popup_message">
      <content>MFSQLMenuApps.htm</content>
    </dashboard>
  </dashboards>
</application>