<?xml version="1.0" encoding="utf-8"?>
<SQLScheduler>
  <Definition Owner="Laminin Solutionss" LogFolder="Logs" ApplicationPath="E:\Development\TFS\LSApplications\Powershell_Apps\SQLScheduler" Application="MFSQLScheduler" Version="2.1"></Definition>
  <TargetDB Server="LSUK-SQL03\UKDEV03">
    <Database DBName="MFSQL_Release_48">
      <Process IsIncluded="True" Name="MFVersionUpdate"></Process>
      <Process IsIncluded="False" Name="DeleteHistory" Param1="3"></Process>
      <Process IsIncluded="True" Name="UpdateAllTables" Param1="1" Param2="1"></Process>
    </Database>
    <Database DBName="MFSQL_Release_46">
      <Process IsIncluded="True" Name="MFVersionUpdate"></Process>
      <Process IsIncluded="False" Name="DeleteHistory" Param1=""></Process>
      <Process IsIncluded="True" Name="UpdateAllTables" Param1="" Param2=""></Process>
    </Database>
  </TargetDB>
</SQLScheduler>