<?xml version="1.0" encoding="utf-8"?>
<structure xml:space="preserve">
  <capabilities value="536">
    <DescribeContent value="8" />
    <MapSemantics value="16" />
    <DescribeStructure value="512" />
  </capabilities>
  <languages>
    <language code="" id="0" name="Default language" />
  </languages>
  <objtypes>
    <objtype aliases="" builtin="true" external="false" guid="{53F0C8FD-0BF0-47C4-8FA6-4C2D0DADB650}" id="0" name="Document" nameplural="Documents" namesingular="Document" realobj="true" />
    <objtype aliases="" builtin="true" external="false" guid="{6DDDA2B0-C470-47AB-AF7D-AA6C4462752C}" id="1" name="Classes" nameplural="Classes" namesingular="Class" realobj="false" />
    <objtype aliases="" builtin="true" external="true" guid="{E396EBFC-5D0C-47A4-86A2-D27DAA479237}" id="6" name="Users" nameplural="Users" namesingular="User" realobj="false" />
    <objtype aliases="" builtin="true" external="false" guid="{4A190FFC-6A67-430A-8FA7-37BA2ED23D16}" id="2" name="Class groups" nameplural="Class groups" namesingular="Class group" realobj="false" />
    <objtype aliases="" builtin="false" external="false" guid="{564D843B-487F-4D42-B3DA-DADEB6AC06D5}" id="136" name="Customer" nameplural="Customers" namesingular="Customer" realobj="true" />
    <objtype aliases="oAPVoucherLine" builtin="false" defaultpdid="1159" external="false" full="true" guid="{2FD75399-6D5D-47FC-A12D-3AEB069137E7}" id="163" name="AP Voucher Line" nameplural="AP Voucher Lines" namesingular="AP Voucher Line" ownerpdid="1158" realobj="true" translatable="false">
      <owner id="164" name="AP Voucher" />
      <flags value="2">
        <AllowAddingNewObjects value="2" />
      </flags>
      <icon bytes="17542" contenttype="ico" pathfrombase="Metadata\AdditionalData\ObjectTypes\163\Default.ico" />
      <acl>
        <cached id="aclcache-6-1" />
      </acl>
      <sorting ascending="true" type="ByDisplayName" />
      <external value="false" />
      <customdata />
    </objtype>
    <objtype aliases="oAPVoucher" builtin="false" defaultpdid="1166" external="false" full="true" guid="{4FF75B5E-E90D-4A03-ADD8-4B9405EC6E4B}" id="164" name="AP Voucher" nameplural="AP Vouchers" namesingular="AP Voucher" ownerpdid="1165" realobj="true" translatable="false">
      <flags value="2">
        <AllowAddingNewObjects value="2" />
      </flags>
      <icon bytes="17542" contenttype="ico" pathfrombase="Metadata\AdditionalData\ObjectTypes\164\Default.ico" />
      <acl>
        <cached id="aclcache-6-1" />
      </acl>
      <sorting ascending="true" type="ByDisplayName" />
      <external value="false" />
      <customdata />
    </objtype>
    <objtype aliases="oEpicorVendor" builtin="false" defaultpdid="1170" external="false" full="true" guid="{779A09D4-F7C1-48DE-AF40-92D8782CF5F7}" id="165" name="Vendor" nameplural="Vendors" namesingular="Vendor" ownerpdid="1169" realobj="true" translatable="false">
      <flags value="10">
        <AllowAddingNewObjects value="2" />
        <ShowCreationCommand value="8" />
      </flags>
      <icon bytes="17542" contenttype="ico" pathfrombase="Metadata\AdditionalData\ObjectTypes\165\Default.ico" />
      <acl>
        <cached id="aclcache-6-1" />
      </acl>
      <sorting ascending="true" type="ByDisplayName" />
      <external value="false" />
      <customdata />
    </objtype>
  </objtypes>
  <propertydefs>
    <propertydef aliases="" builtin="true" guid="{3E2BB7EB-C49E-4C8C-825C-CAE0AEBA9A06}" id="0" name="Name or title">
      <datatype>
        <Text />
      </datatype>
    </propertydef>
    <propertydef aliases="" builtin="true" guid="{EAB2B9D9-809E-49A5-9FA6-4EA5C2802F8C}" id="20" name="Created">
      <datatype>
        <Timestamp />
      </datatype>
    </propertydef>
    <propertydef aliases="" builtin="true" guid="{EA3BBB33-C76F-4108-9331-14BEFB909515}" id="25" name="Created by">
      <datatype>
        <Lookup isdefault="false" isowner="false" name="User" otid="6" />
      </datatype>
    </propertydef>
    <propertydef aliases="" builtin="true" guid="{492A908E-02F7-47D1-9ECB-2C5D8F8D0142}" id="21" name="Last modified">
      <datatype>
        <Timestamp />
      </datatype>
    </propertydef>
    <propertydef aliases="" builtin="true" guid="{63FC0676-A23A-4C1B-866C-7117D1B975D9}" id="23" name="Last modified by">
      <datatype>
        <Lookup isdefault="false" isowner="false" name="User" otid="6" />
      </datatype>
    </propertydef>
    <propertydef aliases="" builtin="true" guid="{D0661E73-9451-4F52-AFFB-DBD34452992E}" id="24" name="Status changed">
      <datatype>
        <Timestamp />
      </datatype>
    </propertydef>
    <propertydef aliases="" builtin="true" guid="{3DCEC688-50C5-4796-9417-B0DDE5CFF3A8}" id="22" name="Single file">
      <datatype>
        <Boolean />
      </datatype>
    </propertydef>
    <propertydef aliases="" builtin="true" guid="{CEBF9AC9-C60C-4240-9F50-723DBF3A5CA7}" id="100" name="Class">
      <datatype>
        <Lookup isdefault="false" isowner="false" name="Class" otid="1" />
      </datatype>
    </propertydef>
    <propertydef aliases="" builtin="true" guid="{C6BECA16-3632-4D03-BE5F-E6B4A0D18738}" id="101" name="Class groups">
      <datatype>
        <MultiSelectLookup isdefault="false" isowner="false" name="Class group" otid="2" />
      </datatype>
    </propertydef>
    <propertydef aliases="" builtin="true" guid="{D9BC5E8D-8006-423C-9832-CE095E36014A}" id="30" name="Size on server (this version)">
      <datatype>
        <Integer />
      </datatype>
    </propertydef>
    <propertydef aliases="" builtin="true" guid="{87926D43-342B-4804-9891-52BEC6E6DA2B}" id="31" name="Size on server (all versions)">
      <datatype>
        <Integer />
      </datatype>
    </propertydef>
    <propertydef aliases="" builtin="true" guid="{AE7DD3CE-55EE-4DE6-BE7E-0ABB433C6582}" id="32" name="Marked for archiving">
      <datatype>
        <Boolean />
      </datatype>
    </propertydef>
    <propertydef aliases="" builtin="false" guid="{E6AB14DA-8B38-464B-8439-4619BE47F345}" id="1079" name="Customer">
      <datatype>
        <MultiSelectLookup isdefault="true" isowner="false" name="Customer" otid="136" />
      </datatype>
    </propertydef>
    <propertydef aliases="" builtin="false" controltype="Default" disallowasgroupinglevel="true" full="true" guid="{69AB6C81-B2D8-437D-801C-95C1B91255CC}" id="1111" name="Invoice title" tip="" updatetype="Normal">
      <datatype>
        <Text />
      </datatype>
      <icon bytes="0" />
      <acl>
        <cached id="aclcache-7-1" />
      </acl>
      <defaultvalue />
      <automaticvalue calcorder="100" type="CalcWithPlaceholders">
        <CalcWithPlaceholders active="true" value="%PROPERTY_100% %OBJID% - %PROPERTY_1079%" />
        <CalcWithVBScript active="false" empty="true" />
        <AutoNumberSimple active="false" value="1" />
        <AutoNumberWithVBScript active="false" empty="true" />
      </automaticvalue>
      <objecttype all="false" name="Document" otid="0" />
      <validation type="None">
        <string />
        <RegEx active="false" value="" />
        <VBScript active="false" empty="true" />
      </validation>
      <formatting type="None" />
      <customdata />
    </propertydef>
    <propertydef aliases="" builtin="true" guid="{416CDA30-4140-489A-BD19-49FB031CC675}" id="86" name="Signature manifestation">
      <datatype>
        <MultiLineText />
      </datatype>
    </propertydef>
    <propertydef aliases="" builtin="true" guid="{4ED05F25-56AC-4673-9389-92184044B69C}" id="89" name="Object changed">
      <datatype>
        <Timestamp />
      </datatype>
    </propertydef>
    <propertydef aliases="" builtin="false" guid="{A6D15ED1-2A66-46D3-9479-E4BA346B7390}" id="1158" name="Owner (AP Voucher Line)">
      <datatype>
        <Lookup isdefault="false" isowner="true" name="AP Voucher Line" otid="163" />
      </datatype>
    </propertydef>
    <propertydef aliases="ap_invoice_lines" builtin="false" controltype="Default" disallowasgroupinglevel="true" full="true" guid="{0FF30E85-132D-40A4-A540-83F95924A04F}" id="1159" name="AP Invoice Lines" tip="" updatetype="Normal">
      <datatype>
        <MultiSelectLookup allowautomaticpermissions="false" isconflict="false" isdefault="true" isowner="false" name="AP Voucher Line" otid="163">
          <sorting ascending="true" type="ByDisplayName" />
          <ownerpd id="Auto" type="Filter" />
          <staticfilter />
        </MultiSelectLookup>
      </datatype>
      <icon bytes="0" />
      <acl>
        <cached id="aclcache-7-1" />
      </acl>
      <defaultvalue />
      <automaticvalue calcorder="100" type="None">
        <CalcWithPlaceholders active="false" value="" />
        <CalcWithVBScript active="false" empty="true" />
        <AutoNumberSimple active="false" value="1" />
        <AutoNumberWithVBScript active="false" empty="true" />
      </automaticvalue>
      <objecttype all="true" />
      <validation type="None">
        <string />
        <RegEx active="false" value="" />
        <VBScript active="false" empty="true" />
      </validation>
      <formatting type="None" />
      <customdata />
    </propertydef>
    <propertydef aliases="" builtin="false" guid="{990CD1B5-A23D-4C22-9A7E-AF065B597151}" id="1165" name="Owner (AP Voucher)">
      <datatype>
        <Lookup isdefault="false" isowner="true" name="AP Voucher" otid="164" />
      </datatype>
    </propertydef>
    <propertydef aliases="ap_invoices" builtin="false" controltype="Default" disallowasgroupinglevel="true" full="true" guid="{21B2BD2B-A19E-4D16-A101-6063E42C7050}" id="1166" name="AP Invoices" tip="" updatetype="Normal">
      <datatype>
        <MultiSelectLookup allowautomaticpermissions="false" isconflict="false" isdefault="true" isowner="false" name="AP Voucher" otid="164">
          <sorting ascending="true" type="ByDisplayName" />
          <ownerpd id="1171" name="Vendor" type="Filter" />
          <staticfilter />
        </MultiSelectLookup>
      </datatype>
      <icon bytes="0" />
      <acl>
        <cached id="aclcache-7-1" />
      </acl>
      <defaultvalue />
      <automaticvalue calcorder="100" type="None">
        <CalcWithPlaceholders active="false" value="" />
        <CalcWithVBScript active="false" empty="true" />
        <AutoNumberSimple active="false" value="1" />
        <AutoNumberWithVBScript active="false" empty="true" />
      </automaticvalue>
      <objecttype all="true" />
      <validation type="None">
        <string />
        <RegEx active="false" value="" />
        <VBScript active="false" empty="true" />
      </validation>
      <formatting type="None" />
      <customdata />
    </propertydef>
    <propertydef aliases="" builtin="false" guid="{8A80B926-C9F7-4732-8B1F-F522C5EB38F5}" id="1169" name="Owner (Vendor)">
      <datatype>
        <Lookup isdefault="false" isowner="true" name="Vendor" otid="165" />
      </datatype>
    </propertydef>
    <propertydef aliases="vendors" builtin="false" controltype="Default" disallowasgroupinglevel="true" full="true" guid="{5F7D27EA-7009-4046-9A40-31AED01A0CF4}" id="1170" name="Vendors" tip="" updatetype="Normal">
      <datatype>
        <MultiSelectLookup allowautomaticpermissions="false" isconflict="false" isdefault="true" isowner="false" name="Vendor" otid="165">
          <sorting ascending="true" type="ByDisplayName" />
          <ownerpd id="Auto" type="Filter" />
          <staticfilter />
        </MultiSelectLookup>
      </datatype>
      <icon bytes="0" />
      <acl>
        <cached id="aclcache-7-1" />
      </acl>
      <defaultvalue />
      <automaticvalue calcorder="100" type="None">
        <CalcWithPlaceholders active="false" value="" />
        <CalcWithVBScript active="false" empty="true" />
        <AutoNumberSimple active="false" value="1" />
        <AutoNumberWithVBScript active="false" empty="true" />
      </automaticvalue>
      <objecttype all="true" />
      <validation type="None">
        <string />
        <RegEx active="false" value="" />
        <VBScript active="false" empty="true" />
      </validation>
      <formatting type="None" />
      <customdata />
    </propertydef>
    <propertydef aliases="invoice_no" builtin="false" controltype="Default" disallowasgroupinglevel="true" full="true" guid="{C6E4AA70-946F-41E7-816C-91346D23415F}" id="1160" name="Invoice Num" tip="" updatetype="Normal">
      <datatype>
        <Text />
      </datatype>
      <icon bytes="0" />
      <acl>
        <cached id="aclcache-7-1" />
      </acl>
      <defaultvalue />
      <automaticvalue calcorder="100" type="None">
        <CalcWithPlaceholders active="false" value="" />
        <CalcWithVBScript active="false" empty="true" />
        <AutoNumberSimple active="false" value="1" />
        <AutoNumberWithVBScript active="false" empty="true" />
      </automaticvalue>
      <objecttype all="true" />
      <validation type="None">
        <string />
        <RegEx active="false" value="" />
        <VBScript active="false" empty="true" />
      </validation>
      <formatting type="None" />
      <customdata />
    </propertydef>
    <propertydef aliases="invoice_date" builtin="false" controltype="Default" disallowasgroupinglevel="false" full="true" guid="{8FABCE2C-FCBF-40C8-A100-C6881D0D2F29}" id="1161" name="Invoice Date" tip="" updatetype="Normal">
      <datatype>
        <Date />
      </datatype>
      <icon bytes="0" />
      <acl>
        <cached id="aclcache-7-1" />
      </acl>
      <defaultvalue />
      <automaticvalue calcorder="100" type="None">
        <CalcWithPlaceholders active="false" value="" />
        <CalcWithVBScript active="false" empty="true" />
        <AutoNumberSimple active="false" value="1" />
        <AutoNumberWithVBScript active="false" empty="true" />
      </automaticvalue>
      <objecttype all="true" />
      <validation type="None">
        <string />
        <RegEx active="false" value="" />
        <VBScript active="false" empty="true" />
      </validation>
      <formatting type="None" />
      <customdata />
    </propertydef>
    <propertydef aliases="line_total" builtin="false" controltype="Default" disallowasgroupinglevel="true" full="true" guid="{85CE7CC0-9FE7-498B-8E51-486EA3B84A50}" id="1162" name="Line Amount" tip="" updatetype="Normal">
      <datatype>
        <Float />
      </datatype>
      <icon bytes="0" />
      <acl>
        <cached id="aclcache-7-1" />
      </acl>
      <defaultvalue />
      <automaticvalue calcorder="100" type="None">
        <CalcWithPlaceholders active="false" value="" />
        <CalcWithVBScript active="false" empty="true" />
        <AutoNumberSimple active="false" value="1" />
        <AutoNumberWithVBScript active="false" empty="true" />
      </automaticvalue>
      <objecttype all="true" />
      <validation type="None">
        <string />
        <RegEx active="false" value="" />
        <VBScript active="false" empty="true" />
      </validation>
      <formatting type="None" />
      <customdata />
    </propertydef>
    <propertydef aliases="" builtin="false" controltype="Default" disallowasgroupinglevel="true" full="true" guid="{9E40EDA9-1467-48FF-A9C2-EDB0C1E5CC97}" id="1163" name="AP Invoice Line Title" tip="" updatetype="Normal">
      <datatype>
        <Text />
      </datatype>
      <icon bytes="0" />
      <acl>
        <cached id="aclcache-7-1" />
      </acl>
      <defaultvalue />
      <automaticvalue calcorder="100" type="CalcWithPlaceholders">
        <CalcWithPlaceholders active="true" value="%PROPERTY_1172%:  %PROPERTY_1164%  (%PROPERTY_1162%) " />
        <CalcWithVBScript active="false" empty="true" />
        <AutoNumberSimple active="false" value="1" />
        <AutoNumberWithVBScript active="false" empty="true" />
      </automaticvalue>
      <objecttype all="true" />
      <validation type="None">
        <string />
        <RegEx active="false" value="" />
        <VBScript active="false" empty="true" />
      </validation>
      <formatting type="None" />
      <customdata />
    </propertydef>
    <propertydef aliases="description" builtin="false" controltype="Default" disallowasgroupinglevel="true" full="true" guid="{2DAA39B2-AA54-4C61-8DDC-7E1D90D42D1C}" id="1164" name="Line Desc" tip="" updatetype="Normal">
      <datatype>
        <Text />
      </datatype>
      <icon bytes="0" />
      <acl>
        <cached id="aclcache-7-1" />
      </acl>
      <defaultvalue />
      <automaticvalue calcorder="100" type="None">
        <CalcWithPlaceholders active="false" value="" />
        <CalcWithVBScript active="false" empty="true" />
        <AutoNumberSimple active="false" value="1" />
        <AutoNumberWithVBScript active="false" empty="true" />
      </automaticvalue>
      <objecttype all="true" />
      <validation type="None">
        <string />
        <RegEx active="false" value="" />
        <VBScript active="false" empty="true" />
      </validation>
      <formatting type="None" />
      <customdata />
    </propertydef>
    <propertydef aliases="ap_invoice" builtin="false" controltype="Default" disallowasgroupinglevel="true" full="true" guid="{DE9A3717-9676-4EE5-9C9B-68B0FFC3E11C}" id="1167" name="AP Invoice" tip="" updatetype="Normal">
      <datatype>
        <Lookup allowautomaticpermissions="false" isconflict="false" isdefault="false" isowner="false" name="AP Voucher" otid="164">
          <sorting ascending="true" type="ByDisplayName" />
          <ownerpd id="1171" name="Vendor" type="Filter" />
          <staticfilter />
        </Lookup>
      </datatype>
      <icon bytes="0" />
      <acl>
        <cached id="aclcache-7-1" />
      </acl>
      <defaultvalue />
      <automaticvalue calcorder="100" type="None">
        <CalcWithPlaceholders active="false" value="" />
        <CalcWithVBScript active="false" empty="true" />
        <AutoNumberSimple active="false" value="1" />
        <AutoNumberWithVBScript active="false" empty="true" />
      </automaticvalue>
      <objecttype all="true" />
      <validation type="None">
        <string />
        <RegEx active="false" value="" />
        <VBScript active="false" empty="true" />
      </validation>
      <formatting type="None" />
      <customdata />
    </propertydef>
    <propertydef aliases="total_amount" builtin="false" controltype="Default" disallowasgroupinglevel="true" full="true" guid="{EF93DA46-FF88-4352-9C76-54186AC0CBB7}" id="1168" name="Invoice Amount" tip="" updatetype="Normal">
      <datatype>
        <Float />
      </datatype>
      <icon bytes="0" />
      <acl>
        <cached id="aclcache-7-1" />
      </acl>
      <defaultvalue />
      <automaticvalue calcorder="100" type="None">
        <CalcWithPlaceholders active="false" value="" />
        <CalcWithVBScript active="false" empty="true" />
        <AutoNumberSimple active="false" value="1" />
        <AutoNumberWithVBScript active="false" empty="true" />
      </automaticvalue>
      <objecttype all="true" />
      <validation type="None">
        <string />
        <RegEx active="false" value="" />
        <VBScript active="false" empty="true" />
      </validation>
      <formatting type="None" />
      <customdata />
    </propertydef>
    <propertydef aliases="vendor" builtin="false" controltype="Default" disallowasgroupinglevel="false" full="true" guid="{F4D713B5-B797-4197-915C-4A96DADCE05C}" id="1171" name="Vendor" tip="" updatetype="Normal">
      <datatype>
        <Lookup allowautomaticpermissions="false" isconflict="false" isdefault="false" isowner="false" name="Vendor" otid="165">
          <sorting ascending="true" type="ByDisplayName" />
          <ownerpd id="Auto" type="Filter" />
          <staticfilter />
        </Lookup>
      </datatype>
      <icon bytes="0" />
      <acl>
        <cached id="aclcache-7-1" />
      </acl>
      <defaultvalue />
      <automaticvalue calcorder="100" type="None">
        <CalcWithPlaceholders active="false" value="" />
        <CalcWithVBScript active="false" empty="true" />
        <AutoNumberSimple active="false" value="1" />
        <AutoNumberWithVBScript active="false" empty="true" />
      </automaticvalue>
      <objecttype all="true" />
      <validation type="None">
        <string />
        <RegEx active="false" value="" />
        <VBScript active="false" empty="true" />
      </validation>
      <formatting type="None" />
      <customdata />
    </propertydef>
    <propertydef aliases="line_no" builtin="false" controltype="Default" disallowasgroupinglevel="true" full="true" guid="{6C434CFE-CA7F-44BA-8FAC-498B8E1424F4}" id="1172" name="Line No" tip="" updatetype="Normal">
      <datatype>
        <Integer />
      </datatype>
      <icon bytes="0" />
      <acl>
        <cached id="aclcache-7-1" />
      </acl>
      <defaultvalue />
      <automaticvalue calcorder="100" type="None">
        <CalcWithPlaceholders active="false" value="" />
        <CalcWithVBScript active="false" empty="true" />
        <AutoNumberSimple active="false" value="1" />
        <AutoNumberWithVBScript active="false" empty="true" />
      </automaticvalue>
      <objecttype all="true" />
      <validation type="None">
        <string />
        <RegEx active="false" value="" />
        <VBScript active="false" empty="true" />
      </validation>
      <formatting type="None" />
      <customdata />
    </propertydef>
    <propertydef aliases="po_number" builtin="false" controltype="Default" disallowasgroupinglevel="true" full="true" guid="{DA80FCBB-7426-4C86-A328-F2D9960AA25D}" id="1173" name="PO Num" tip="" updatetype="Normal">
      <datatype>
        <Text />
      </datatype>
      <icon bytes="0" />
      <acl>
        <cached id="aclcache-7-1" />
      </acl>
      <defaultvalue />
      <automaticvalue calcorder="100" type="None">
        <CalcWithPlaceholders active="false" value="" />
        <CalcWithVBScript active="false" empty="true" />
        <AutoNumberSimple active="false" value="1" />
        <AutoNumberWithVBScript active="false" empty="true" />
      </automaticvalue>
      <objecttype all="true" />
      <validation type="None">
        <string />
        <RegEx active="false" value="" />
        <VBScript active="false" empty="true" />
      </validation>
      <formatting type="None" />
      <customdata />
    </propertydef>
    <propertydef aliases="" builtin="false" controltype="Default" disallowasgroupinglevel="true" full="true" guid="{4B62C703-D422-440E-9E3A-D20C7E25D636}" id="1174" name="Scan Capture Ref" tip="" updatetype="Normal">
      <datatype>
        <Text />
      </datatype>
      <icon bytes="0" />
      <acl>
        <cached id="aclcache-7-1" />
      </acl>
      <defaultvalue />
      <automaticvalue calcorder="100" type="None">
        <CalcWithPlaceholders active="false" value="" />
        <CalcWithVBScript active="false" empty="true" />
        <AutoNumberSimple active="false" value="1" />
        <AutoNumberWithVBScript active="false" empty="true" />
      </automaticvalue>
      <objecttype all="true" />
      <validation type="None">
        <string />
        <RegEx active="false" value="" />
        <VBScript active="false" empty="true" />
      </validation>
      <formatting type="None" />
      <customdata />
    </propertydef>
    <propertydef aliases="" builtin="false" controltype="Default" disallowasgroupinglevel="true" full="true" guid="{32873037-2B42-4668-9FE5-81C815E77F11}" id="1184" name="Vendor Code" tip="" updatetype="Normal">
      <datatype>
        <Text />
      </datatype>
      <icon bytes="0" />
      <acl>
        <cached id="aclcache-7-1" />
      </acl>
      <defaultvalue />
      <automaticvalue calcorder="100" type="None">
        <CalcWithPlaceholders active="false" value="" />
        <CalcWithVBScript active="false" empty="true" />
        <AutoNumberSimple active="false" value="1" />
        <AutoNumberWithVBScript active="false" empty="true" />
      </automaticvalue>
      <objecttype all="true" />
      <validation type="None">
        <string />
        <RegEx active="false" value="" />
        <VBScript active="false" empty="true" />
      </validation>
      <formatting type="None" />
      <customdata />
    </propertydef>
    <propertydef aliases="" builtin="false" controltype="Default" disallowasgroupinglevel="true" full="true" guid="{126CAF11-A2A0-4F45-9544-6E6BC766986C}" id="1175" name="AP Invoice Title" tip="" updatetype="Normal">
      <datatype>
        <Text />
      </datatype>
      <icon bytes="0" />
      <acl>
        <cached id="aclcache-7-1" />
      </acl>
      <defaultvalue />
      <automaticvalue calcorder="100" type="CalcWithPlaceholders">
        <CalcWithPlaceholders active="true" value="%PROPERTY_1160% (%PROPERTY_1171%) %PROPERTY_1161%" />
        <CalcWithVBScript active="false" empty="true" />
        <AutoNumberSimple active="false" value="1" />
        <AutoNumberWithVBScript active="false" empty="true" />
      </automaticvalue>
      <objecttype all="true" />
      <validation type="None">
        <string />
        <RegEx active="false" value="" />
        <VBScript active="false" empty="true" />
      </validation>
      <formatting type="None" />
      <customdata />
    </propertydef>
    <propertydef aliases="" builtin="false" controltype="Default" disallowasgroupinglevel="true" full="true" guid="{3A641A06-C250-4D5A-8279-37BC151EBFE5}" id="1178" name="Vendor Inv Doc Title" tip="" updatetype="Normal">
      <datatype>
        <Text />
      </datatype>
      <icon bytes="0" />
      <acl>
        <cached id="aclcache-7-1" />
      </acl>
      <defaultvalue />
      <automaticvalue calcorder="100" type="CalcWithPlaceholders">
        <CalcWithPlaceholders active="true" value="%PROPERTY_1160% %PROPERTY_1161% (%PROPERTY_1168%)" />
        <CalcWithVBScript active="false" empty="true" />
        <AutoNumberSimple active="false" value="1" />
        <AutoNumberWithVBScript active="false" empty="true" />
      </automaticvalue>
      <objecttype all="true" />
      <validation type="None">
        <string />
        <RegEx active="false" value="" />
        <VBScript active="false" empty="true" />
      </validation>
      <formatting type="None" />
      <customdata />
    </propertydef>
    <propertydef aliases="purpose" builtin="false" controltype="Default" disallowasgroupinglevel="true" full="true" guid="{5C948659-CA53-4D82-A0D3-DF885D8B5F2D}" id="1179" name="Purpose" tip="" updatetype="Normal">
      <datatype>
        <MultiLineText />
      </datatype>
      <icon bytes="0" />
      <acl>
        <cached id="aclcache-7-1" />
      </acl>
      <defaultvalue />
      <automaticvalue calcorder="100" type="None">
        <CalcWithPlaceholders active="false" value="" />
        <CalcWithVBScript active="false" empty="true" />
        <AutoNumberSimple active="false" value="1" />
        <AutoNumberWithVBScript active="false" empty="true" />
      </automaticvalue>
      <objecttype all="true" />
      <validation type="None">
        <string />
        <RegEx active="false" value="" />
        <VBScript active="false" empty="true" />
      </validation>
      <formatting type="None" />
      <customdata />
    </propertydef>
    <propertydef aliases="qty" builtin="false" controltype="Default" disallowasgroupinglevel="true" full="true" guid="{97935F12-831B-43F7-BF4B-A44E5EE7FCAE}" id="1180" name="Quantity" tip="" updatetype="Normal">
      <datatype>
        <Integer />
      </datatype>
      <icon bytes="0" />
      <acl>
        <cached id="aclcache-7-1" />
      </acl>
      <defaultvalue />
      <automaticvalue calcorder="100" type="None">
        <CalcWithPlaceholders active="false" value="" />
        <CalcWithVBScript active="false" empty="true" />
        <AutoNumberSimple active="false" value="1" />
        <AutoNumberWithVBScript active="false" empty="true" />
      </automaticvalue>
      <objecttype all="true" />
      <validation type="None">
        <string />
        <RegEx active="false" value="" />
        <VBScript active="false" empty="true" />
      </validation>
      <formatting type="None" />
      <customdata />
    </propertydef>
    <propertydef aliases="unit_price" builtin="false" controltype="Default" disallowasgroupinglevel="true" full="true" guid="{4C99DE42-D5FD-44A4-8BA5-9327C413D270}" id="1181" name="Unit Price" tip="" updatetype="Normal">
      <datatype>
        <Float />
      </datatype>
      <icon bytes="0" />
      <acl>
        <cached id="aclcache-7-1" />
      </acl>
      <defaultvalue />
      <automaticvalue calcorder="100" type="None">
        <CalcWithPlaceholders active="false" value="" />
        <CalcWithVBScript active="false" empty="true" />
        <AutoNumberSimple active="false" value="1" />
        <AutoNumberWithVBScript active="false" empty="true" />
      </automaticvalue>
      <objecttype all="true" />
      <validation type="None">
        <string />
        <RegEx active="false" value="" />
        <VBScript active="false" empty="true" />
      </validation>
      <formatting type="None" />
      <customdata />
    </propertydef>
    <propertydef aliases="" builtin="false" controltype="Default" disallowasgroupinglevel="true" full="true" guid="{44DC0814-8611-4CEF-96A8-3C8C2458C382}" id="1182" name="Process Message" tip="" updatetype="Normal">
      <datatype>
        <Text />
      </datatype>
      <icon bytes="0" />
      <acl>
        <cached id="aclcache-7-1" />
      </acl>
      <defaultvalue />
      <automaticvalue calcorder="100" type="None">
        <CalcWithPlaceholders active="false" value="" />
        <CalcWithVBScript active="false" empty="true" />
        <AutoNumberSimple active="false" value="1" />
        <AutoNumberWithVBScript active="false" empty="true" />
      </automaticvalue>
      <objecttype all="true" />
      <validation type="None">
        <string />
        <RegEx active="false" value="" />
        <VBScript active="false" empty="true" />
      </validation>
      <formatting type="None" />
      <customdata />
    </propertydef>
    <propertydef aliases="Process_Batch" builtin="false" controltype="Default" disallowasgroupinglevel="true" full="true" guid="{A696EAB7-0E56-4BA3-9000-115EB8468E88}" id="1183" name="Process Batch" tip="" updatetype="Normal">
      <datatype>
        <Integer />
      </datatype>
      <icon bytes="0" />
      <acl>
        <cached id="aclcache-7-1" />
      </acl>
      <defaultvalue />
      <automaticvalue calcorder="100" type="None">
        <CalcWithPlaceholders active="false" value="" />
        <CalcWithVBScript active="false" empty="true" />
        <AutoNumberSimple active="false" value="1" />
        <AutoNumberWithVBScript active="false" empty="true" />
      </automaticvalue>
      <objecttype all="true" />
      <validation type="None">
        <string />
        <RegEx active="false" value="" />
        <VBScript active="false" empty="true" />
      </validation>
      <formatting type="None" />
      <customdata />
    </propertydef>
  </propertydefs>
  <namedacls>
    <namedacl aliases="" builtin="true" guid="{A470B682-2B52-48EF-B3A8-1A4B3F2B6B35}" id="-1" name="Full control for all internal users" type="Normal" />
  </namedacls>
  <classes>
    <class aliases="" builtin="true" deleted="false" guid="{7E8B0C06-2648-4DD2-BA5B-5F544E1B8622}" id="0" name="Unclassified Document" otid="0" otname="Document" />
    <class aliases="cAPInvoiceLine" builtin="true" deleted="false" full="true" guid="{A0F58626-C228-4B63-93DE-6088BAA4AEC3}" id="95" name="AP Invoice Line" otid="163" otname="AP Voucher Line">
      <associatedproperties>
        <property id="1172" name="Line No" required="false" />
        <property id="1180" name="Quantity" required="false" />
        <property id="1181" name="Unit Price" required="false" />
        <property id="1164" name="Line Desc" required="false" />
        <property id="1162" name="Line Amount" required="false" />
        <property id="1163" name="AP Invoice Line Title" required="true" />
        <property id="1174" name="Scan Capture Ref" required="false" />
        <property id="20" name="Created" required="true" />
        <property id="25" name="Created by" required="true" />
        <property id="21" name="Last modified" required="true" />
        <property id="23" name="Last modified by" required="true" />
        <property id="24" name="Status changed" required="true" />
        <property id="89" name="Object changed" required="true" />
        <property id="22" name="Single file" required="true" />
        <property id="101" name="Class groups" required="false" />
        <property id="30" name="Size on server (this version)" required="true" />
        <property id="31" name="Size on server (all versions)" required="true" />
        <property id="32" name="Marked for archiving" required="true" />
      </associatedproperties>
      <nameproperty id="1163" />
      <workflow forced="false" id="0" />
      <acl>
        <cached id="aclcache-2-1" />
      </acl>
    </class>
    <class aliases="cAPInvoice" builtin="true" deleted="false" full="true" guid="{5D63FEE0-512B-4A29-B978-BEB163521F05}" id="96" name="AP Invoice" otid="164" otname="AP Voucher">
      <associatedproperties>
        <property id="1160" name="Invoice Num" required="false" />
        <property id="1161" name="Invoice Date" required="false" />
        <property id="1173" name="PO Num" required="false" />
        <property id="1171" name="Vendor" required="false" />
        <property id="1179" name="Purpose" required="false" />
        <property id="1168" name="Invoice Amount" required="false" />
        <property id="1174" name="Scan Capture Ref" required="false" />
        <property id="1175" name="AP Invoice Title" required="true" />
        <property id="20" name="Created" required="true" />
        <property id="25" name="Created by" required="true" />
        <property id="21" name="Last modified" required="true" />
        <property id="23" name="Last modified by" required="true" />
        <property id="24" name="Status changed" required="true" />
        <property id="89" name="Object changed" required="true" />
        <property id="22" name="Single file" required="true" />
        <property id="101" name="Class groups" required="false" />
        <property id="30" name="Size on server (this version)" required="true" />
        <property id="31" name="Size on server (all versions)" required="true" />
        <property id="32" name="Marked for archiving" required="true" />
      </associatedproperties>
      <nameproperty id="1175" />
      <workflow forced="true" id="114" name="Vendor Invoice Flow" />
      <acl>
        <cached id="aclcache-2-1" />
      </acl>
    </class>
    <class aliases="cAPVendor" builtin="true" deleted="false" full="true" guid="{E8ED442D-9D77-4BF2-872F-C0D3DD1C845B}" id="98" name="Vendor" otid="165" otname="Vendor">
      <associatedproperties>
        <property id="0" name="Name or title" required="true" />
        <property id="1184" name="Vendor Code" required="false" />
        <property id="20" name="Created" required="true" />
        <property id="25" name="Created by" required="true" />
        <property id="21" name="Last modified" required="true" />
        <property id="23" name="Last modified by" required="true" />
        <property id="24" name="Status changed" required="true" />
        <property id="89" name="Object changed" required="true" />
        <property id="22" name="Single file" required="true" />
        <property id="101" name="Class groups" required="false" />
        <property id="30" name="Size on server (this version)" required="true" />
        <property id="31" name="Size on server (all versions)" required="true" />
        <property id="32" name="Marked for archiving" required="true" />
      </associatedproperties>
      <nameproperty id="0" />
      <workflow forced="false" id="0" />
      <acl>
        <cached id="aclcache-2-1" />
      </acl>
    </class>
    <class aliases="cVendorInvoiceDoc" builtin="false" deleted="false" full="true" guid="{89334F3A-78B8-4E0E-982B-E2903CFD2C59}" id="97" name="Vendor Invoice Document" otid="0" otname="Document">
      <associatedproperties>
        <property id="1171" name="Vendor" required="false" />
        <property id="1167" name="AP Invoice" required="false" />
        <property id="1160" name="Invoice Num" required="false" />
        <property id="1161" name="Invoice Date" required="false" />
        <property id="1168" name="Invoice Amount" required="false" />
        <property id="1174" name="Scan Capture Ref" required="true" />
        <property id="1182" name="Process Message" required="false" />
        <property id="1183" name="Process Batch" required="false" />
        <property id="1178" name="Vendor Inv Doc Title" required="true" />
        <property id="20" name="Created" required="true" />
        <property id="25" name="Created by" required="true" />
        <property id="21" name="Last modified" required="true" />
        <property id="23" name="Last modified by" required="true" />
        <property id="24" name="Status changed" required="true" />
        <property id="89" name="Object changed" required="true" />
        <property id="22" name="Single file" required="true" />
        <property id="101" name="Class groups" required="false" />
        <property id="30" name="Size on server (this version)" required="true" />
        <property id="31" name="Size on server (all versions)" required="true" />
        <property id="32" name="Marked for archiving" required="true" />
      </associatedproperties>
      <nameproperty id="1178" />
      <workflow forced="false" id="113" name="Scan Capture Flow" />
      <acl>
        <cached id="aclcache-2-1" />
      </acl>
    </class>
  </classes>
  <classgroups />
  <workflows>
    <workflow.2 aliases="wfScanCapture" deleted="false" full="true" guid="{D373D09D-FF2B-4B33-A20E-457E3F656804}" id="113" name="Scan Capture Flow">
      <description />
      <withclass id="-3" />
      <acl>
        <cached id="aclcache-3-1" />
      </acl>
      <layout contenttype="json" pathfrombase="Metadata\AdditionalData\Workflows\113\Layout.json" />
      <states>
        <state id="155" name="Scanned new" />
        <state id="180" name="Scan Auto Process" />
        <state id="156" name="Scanned not matched" />
        <state id="157" name="Scanned for archive" />
        <state id="158" name="Scan matched" />
      </states>
      <transitions>
        <transition evalorder="100" fromstate="0" id="43" name="" tostate="155" />
        <transition evalorder="100" fromstate="155" id="44" name="" tostate="156" />
        <transition evalorder="100" fromstate="156" id="45" name="" tostate="157" />
        <transition evalorder="100" fromstate="156" id="46" name="" tostate="158" />
        <transition evalorder="100" fromstate="158" id="47" name="" tostate="157" />
        <transition evalorder="100" fromstate="158" id="48" name="" tostate="155" />
      </transitions>
    </workflow.2>
    <workflow.2 aliases="" deleted="false" full="true" guid="{91D253BA-423C-41A3-B1A6-2361998CBADE}" id="114" name="Vendor Invoice Flow">
      <description />
      <withclass id="-3" />
      <acl>
        <cached id="aclcache-3-1" />
      </acl>
      <layout contenttype="json" pathfrombase="Metadata\AdditionalData\Workflows\114\Layout.json" />
      <states>
        <state id="159" name="VI01 New Invoice" />
        <state id="160" name="VI02 for Entry Verification" />
        <state id="161" name="VI03 Denied" />
        <state id="162" name="VI04 for Approver 1" />
        <state id="164" name="VI05 for Approver 2" />
        <state id="177" name="VI06 for Acctng Approval" />
        <state id="163" name="VI07 for Voucher" />
        <state id="178" name="VI08 Vouchered not matched" />
        <state id="165" name="VI08 Vouchered not paid" />
        <state id="179" name="VI09 Paid not Matched" />
        <state id="166" name="VI10 Paid and Matched" />
      </states>
      <transitions>
        <transition evalorder="100" fromstate="0" id="49" name="" tostate="159" />
        <transition evalorder="100" fromstate="159" id="50" name="" tostate="160" />
        <transition evalorder="100" fromstate="160" id="51" name="" tostate="161" />
        <transition evalorder="100" fromstate="161" id="52" name="" tostate="160" />
        <transition evalorder="100" fromstate="163" id="53" name="" tostate="165" />
        <transition evalorder="100" fromstate="164" id="54" name="" tostate="161" />
        <transition evalorder="100" fromstate="160" id="55" name="" tostate="162" />
        <transition evalorder="100" fromstate="161" id="56" name="" tostate="162" />
        <transition evalorder="100" fromstate="162" id="57" name="" tostate="161" />
        <transition evalorder="100" fromstate="162" id="58" name="" tostate="177" />
        <transition evalorder="100" fromstate="164" id="59" name="" tostate="177" />
        <transition evalorder="100" fromstate="177" id="60" name="" tostate="163" />
        <transition evalorder="100" fromstate="0" id="61" name="" tostate="165" />
        <transition evalorder="100" fromstate="165" id="62" name="" tostate="0" />
        <transition evalorder="100" fromstate="159" id="173" name="" tostate="160" />
        <transition evalorder="100" fromstate="0" id="174" name="" tostate="178" />
        <transition evalorder="100" fromstate="178" id="175" name="" tostate="165" />
        <transition evalorder="100" fromstate="165" id="176" name="" tostate="166" />
        <transition evalorder="100" fromstate="178" id="177" name="" tostate="179" />
        <transition evalorder="100" fromstate="179" id="178" name="" tostate="166" />
        <transition evalorder="100" fromstate="165" id="179" name="" tostate="179" />
      </transitions>
    </workflow.2>
  </workflows>
  <states>
    <state.2 aliases="stScannednew" deleted="false" full="true" guid="{EB325265-0C2D-4C49-98D6-FB681B225A26}" id="155" name="Scanned new" wfid="113">
      <description />
      <inout checkaccess="false" editaccessrequired="false" restricttransitions="true">
        <acl>
          <cached id="aclcache-4-1" />
        </acl>
        <preconds>
          <flags value="0" />
          <criteria active="false" />
          <script active="false" empty="true" />
        </preconds>
        <postconds>
          <flags value="0" />
          <criteria active="false" />
          <script active="false" empty="true" />
        </postconds>
      </inout>
      <actions value="0">
        <delete active="false" />
        <markforarchiving active="false" />
        <changepermissions active="false" discardautomaticacls="false">
          <acl>
            <cached id="aclcache-1-1" />
          </acl>
        </changepermissions>
        <createassignment active="false" separate="false">
          <title />
          <description />
          <deadline days="14" specified="false" />
          <assignedto />
          <monitoredby />
        </createassignment>
        <sendnotification active="false">
          <subject />
          <message />
          <recipients />
        </sendnotification>
        <setproperties active="false" />
        <converttopdf active="false" failonunsupported="false" overwrite="false" pdfa1b="false" separatefile="false" />
        <runscript active="false" empty="true" />
      </actions>
    </state.2>
    <state.2 aliases="" deleted="false" full="true" guid="{38A57330-59EA-4AB2-A097-082A52F17912}" id="180" name="Scan Auto Process" wfid="113">
      <description />
      <inout checkaccess="false" editaccessrequired="false" restricttransitions="true">
        <acl>
          <cached id="aclcache-4-1" />
        </acl>
        <preconds>
          <flags value="0" />
          <criteria active="false" />
          <script active="false" empty="true" />
        </preconds>
        <postconds>
          <flags value="0" />
          <criteria active="false" />
          <script active="false" empty="true" />
        </postconds>
      </inout>
      <actions value="64">
        <delete active="false" />
        <markforarchiving active="false" />
        <changepermissions active="false" discardautomaticacls="false">
          <acl>
            <cached id="aclcache-1-1" />
          </acl>
        </changepermissions>
        <createassignment active="false" separate="false">
          <title />
          <description />
          <deadline days="14" specified="false" />
          <assignedto />
          <monitoredby />
        </createassignment>
        <sendnotification active="false">
          <subject />
          <message />
          <recipients />
        </sendnotification>
        <setproperties active="false" />
        <converttopdf active="false" failonunsupported="false" overwrite="false" pdfa1b="false" separatefile="false" />
        <runscript active="true" contenttype="vbs" empty="false" pathfrombase="Metadata\AdditionalData\States\180\Action.vbs" />
      </actions>
    </state.2>
    <state.2 aliases="" deleted="false" full="true" guid="{06219992-58AF-4829-A3AA-BCA2E1AB6376}" id="156" name="Scanned not matched" wfid="113">
      <description />
      <inout checkaccess="false" editaccessrequired="false" restricttransitions="true">
        <acl>
          <cached id="aclcache-4-1" />
        </acl>
        <preconds>
          <flags value="0" />
          <criteria active="false" />
          <script active="false" empty="true" />
        </preconds>
        <postconds>
          <flags value="0" />
          <criteria active="false" />
          <script active="false" empty="true" />
        </postconds>
      </inout>
      <actions value="0">
        <delete active="false" />
        <markforarchiving active="false" />
        <changepermissions active="false" discardautomaticacls="false">
          <acl>
            <cached id="aclcache-1-1" />
          </acl>
        </changepermissions>
        <createassignment active="false" separate="false">
          <title />
          <description />
          <deadline days="14" specified="false" />
          <assignedto />
          <monitoredby />
        </createassignment>
        <sendnotification active="false">
          <subject />
          <message />
          <recipients />
        </sendnotification>
        <setproperties active="false" />
        <converttopdf active="false" failonunsupported="false" overwrite="false" pdfa1b="false" separatefile="false" />
        <runscript active="false" empty="true" />
      </actions>
    </state.2>
    <state.2 aliases="" deleted="false" full="true" guid="{1824802D-768E-46BA-9680-81DB63755229}" id="157" name="Scanned for archive" wfid="113">
      <description />
      <inout checkaccess="false" editaccessrequired="false" restricttransitions="true">
        <acl>
          <cached id="aclcache-4-1" />
        </acl>
        <preconds>
          <flags value="0" />
          <criteria active="false" />
          <script active="false" empty="true" />
        </preconds>
        <postconds>
          <flags value="0" />
          <criteria active="false" />
          <script active="false" empty="true" />
        </postconds>
      </inout>
      <actions value="0">
        <delete active="false" />
        <markforarchiving active="false" />
        <changepermissions active="false" discardautomaticacls="false">
          <acl>
            <cached id="aclcache-1-1" />
          </acl>
        </changepermissions>
        <createassignment active="false" separate="false">
          <title />
          <description />
          <deadline days="14" specified="false" />
          <assignedto />
          <monitoredby />
        </createassignment>
        <sendnotification active="false">
          <subject />
          <message />
          <recipients />
        </sendnotification>
        <setproperties active="false" />
        <converttopdf active="false" failonunsupported="false" overwrite="false" pdfa1b="false" separatefile="false" />
        <runscript active="false" empty="true" />
      </actions>
    </state.2>
    <state.2 aliases="" deleted="false" full="true" guid="{50CFC112-2B40-45E3-A6F8-C1BE0E4FEE15}" id="158" name="Scan matched" wfid="113">
      <description />
      <inout checkaccess="false" editaccessrequired="false" restricttransitions="true">
        <acl>
          <cached id="aclcache-4-1" />
        </acl>
        <preconds>
          <flags value="0" />
          <criteria active="false" />
          <script active="false" empty="true" />
        </preconds>
        <postconds>
          <flags value="0" />
          <criteria active="false" />
          <script active="false" empty="true" />
        </postconds>
      </inout>
      <actions value="0">
        <delete active="false" />
        <markforarchiving active="false" />
        <changepermissions active="false" discardautomaticacls="false">
          <acl>
            <cached id="aclcache-1-1" />
          </acl>
        </changepermissions>
        <createassignment active="false" separate="false">
          <title />
          <description />
          <deadline days="14" specified="false" />
          <assignedto />
          <monitoredby />
        </createassignment>
        <sendnotification active="false">
          <subject />
          <message />
          <recipients />
        </sendnotification>
        <setproperties active="false" />
        <converttopdf active="false" failonunsupported="false" overwrite="false" pdfa1b="false" separatefile="false" />
        <runscript active="false" empty="true" />
      </actions>
    </state.2>
    <state.2 aliases="New_Invoice" deleted="false" full="true" guid="{EAADE83D-6CE4-4D88-A71D-E911A6F78EB1}" id="159" name="VI01 New Invoice" wfid="114">
      <description />
      <inout checkaccess="false" editaccessrequired="false" restricttransitions="true">
        <acl>
          <cached id="aclcache-4-1" />
        </acl>
        <preconds>
          <flags value="0" />
          <criteria active="false" />
          <script active="false" empty="true" />
        </preconds>
        <postconds>
          <flags value="0" />
          <criteria active="false" />
          <script active="false" empty="true" />
        </postconds>
      </inout>
      <actions value="0">
        <delete active="false" />
        <markforarchiving active="false" />
        <changepermissions active="false" discardautomaticacls="false">
          <acl>
            <cached id="aclcache-1-1" />
          </acl>
        </changepermissions>
        <createassignment active="false" separate="false">
          <title />
          <description />
          <deadline days="14" specified="false" />
          <assignedto />
          <monitoredby />
        </createassignment>
        <sendnotification active="false">
          <subject />
          <message />
          <recipients />
        </sendnotification>
        <setproperties active="false" />
        <converttopdf active="false" failonunsupported="false" overwrite="false" pdfa1b="false" separatefile="false" />
        <runscript active="false" empty="true" />
      </actions>
    </state.2>
    <state.2 aliases="" deleted="false" full="true" guid="{AD75D4B6-8AA9-4994-AF81-39AA359EEAEE}" id="160" name="VI02 for Entry Verification" wfid="114">
      <description />
      <inout checkaccess="false" editaccessrequired="false" restricttransitions="true">
        <acl>
          <cached id="aclcache-4-1" />
        </acl>
        <preconds>
          <flags value="0" />
          <criteria active="false" />
          <script active="false" empty="true" />
        </preconds>
        <postconds>
          <flags value="0" />
          <criteria active="false" />
          <script active="false" empty="true" />
        </postconds>
      </inout>
      <actions value="1">
        <delete active="false" />
        <markforarchiving active="false" />
        <changepermissions active="true" discardautomaticacls="false">
          <acl>
            <cached id="aclcache-1-2" />
          </acl>
        </changepermissions>
        <createassignment active="false" separate="false">
          <title />
          <description />
          <deadline days="14" specified="false" />
          <assignedto />
          <monitoredby />
        </createassignment>
        <sendnotification active="false">
          <subject />
          <message />
          <recipients />
        </sendnotification>
        <setproperties active="false" />
        <converttopdf active="false" failonunsupported="false" overwrite="false" pdfa1b="false" separatefile="false" />
        <runscript active="false" empty="true" />
      </actions>
    </state.2>
    <state.2 aliases="" deleted="false" full="true" guid="{203AF2F5-6090-40D5-94A7-F1B0A21314C0}" id="161" name="VI03 Denied" wfid="114">
      <description />
      <inout checkaccess="false" editaccessrequired="false" restricttransitions="true">
        <acl>
          <cached id="aclcache-4-1" />
        </acl>
        <preconds>
          <flags value="0" />
          <criteria active="false" />
          <script active="false" empty="true" />
        </preconds>
        <postconds>
          <flags value="0" />
          <criteria active="false" />
          <script active="false" empty="true" />
        </postconds>
      </inout>
      <actions value="1">
        <delete active="false" />
        <markforarchiving active="false" />
        <changepermissions active="true" discardautomaticacls="false">
          <acl>
            <cached id="aclcache-1-2" />
          </acl>
        </changepermissions>
        <createassignment active="false" separate="false">
          <title />
          <description />
          <deadline days="14" specified="false" />
          <assignedto />
          <monitoredby />
        </createassignment>
        <sendnotification active="false">
          <subject />
          <message />
          <recipients />
        </sendnotification>
        <setproperties active="false" />
        <converttopdf active="false" failonunsupported="false" overwrite="false" pdfa1b="false" separatefile="false" />
        <runscript active="false" empty="true" />
      </actions>
    </state.2>
    <state.2 aliases="" deleted="false" full="true" guid="{0BE53B51-95BF-4260-A260-04A0D9D29A4C}" id="162" name="VI04 for Approver 1" wfid="114">
      <description />
      <inout checkaccess="false" editaccessrequired="false" restricttransitions="true">
        <acl>
          <cached id="aclcache-4-1" />
        </acl>
        <preconds>
          <flags value="0" />
          <criteria active="false" />
          <script active="false" empty="true" />
        </preconds>
        <postconds>
          <flags value="0" />
          <criteria active="false" />
          <script active="false" empty="true" />
        </postconds>
      </inout>
      <actions value="1">
        <delete active="false" />
        <markforarchiving active="false" />
        <changepermissions active="true" discardautomaticacls="false">
          <acl>
            <cached id="aclcache-1-3" />
          </acl>
        </changepermissions>
        <createassignment active="false" separate="false">
          <title />
          <description />
          <deadline days="14" specified="false" />
          <assignedto />
          <monitoredby />
        </createassignment>
        <sendnotification active="false">
          <subject />
          <message />
          <recipients />
        </sendnotification>
        <setproperties active="false" />
        <converttopdf active="false" failonunsupported="false" overwrite="false" pdfa1b="false" separatefile="false" />
        <runscript active="false" empty="true" />
      </actions>
    </state.2>
    <state.2 aliases="" deleted="false" full="true" guid="{B9408096-229B-47A4-8CD2-991FCE4972B2}" id="164" name="VI05 for Approver 2" wfid="114">
      <description />
      <inout checkaccess="false" editaccessrequired="false" restricttransitions="true">
        <acl>
          <cached id="aclcache-4-1" />
        </acl>
        <preconds>
          <flags value="0" />
          <criteria active="false" />
          <script active="false" empty="true" />
        </preconds>
        <postconds>
          <flags value="0" />
          <criteria active="false" />
          <script active="false" empty="true" />
        </postconds>
      </inout>
      <actions value="1">
        <delete active="false" />
        <markforarchiving active="false" />
        <changepermissions active="true" discardautomaticacls="false">
          <acl>
            <cached id="aclcache-1-4" />
          </acl>
        </changepermissions>
        <createassignment active="false" separate="false">
          <title />
          <description />
          <deadline days="14" specified="false" />
          <assignedto />
          <monitoredby />
        </createassignment>
        <sendnotification active="false">
          <subject />
          <message />
          <recipients />
        </sendnotification>
        <setproperties active="false" />
        <converttopdf active="false" failonunsupported="false" overwrite="false" pdfa1b="false" separatefile="false" />
        <runscript active="false" empty="true" />
      </actions>
    </state.2>
    <state.2 aliases="" deleted="false" full="true" guid="{E72037D6-A046-4111-9469-37EEFADDC382}" id="177" name="VI06 for Acctng Approval" wfid="114">
      <description />
      <inout checkaccess="false" editaccessrequired="false" restricttransitions="true">
        <acl>
          <cached id="aclcache-4-1" />
        </acl>
        <preconds>
          <flags value="0" />
          <criteria active="false" />
          <script active="false" empty="true" />
        </preconds>
        <postconds>
          <flags value="0" />
          <criteria active="false" />
          <script active="false" empty="true" />
        </postconds>
      </inout>
      <actions value="0">
        <delete active="false" />
        <markforarchiving active="false" />
        <changepermissions active="false" discardautomaticacls="false">
          <acl>
            <cached id="aclcache-1-1" />
          </acl>
        </changepermissions>
        <createassignment active="false" separate="false">
          <title />
          <description />
          <deadline days="14" specified="false" />
          <assignedto />
          <monitoredby />
        </createassignment>
        <sendnotification active="false">
          <subject />
          <message />
          <recipients />
        </sendnotification>
        <setproperties active="false" />
        <converttopdf active="false" failonunsupported="false" overwrite="false" pdfa1b="false" separatefile="false" />
        <runscript active="false" empty="true" />
      </actions>
    </state.2>
    <state.2 aliases="" deleted="false" full="true" guid="{B3547545-4824-4679-84C1-0FCADA1DE179}" id="163" name="VI07 for Voucher" wfid="114">
      <description />
      <inout checkaccess="false" editaccessrequired="false" restricttransitions="true">
        <acl>
          <cached id="aclcache-4-1" />
        </acl>
        <preconds>
          <flags value="0" />
          <criteria active="false" />
          <script active="false" empty="true" />
        </preconds>
        <postconds>
          <flags value="0" />
          <criteria active="false" />
          <script active="false" empty="true" />
        </postconds>
      </inout>
      <actions value="1">
        <delete active="false" />
        <markforarchiving active="false" />
        <changepermissions active="true" discardautomaticacls="false">
          <acl>
            <cached id="aclcache-1-5" />
          </acl>
        </changepermissions>
        <createassignment active="false" separate="false">
          <title />
          <description />
          <deadline days="14" specified="false" />
          <assignedto />
          <monitoredby />
        </createassignment>
        <sendnotification active="false">
          <subject />
          <message />
          <recipients />
        </sendnotification>
        <setproperties active="false" />
        <converttopdf active="false" failonunsupported="false" overwrite="false" pdfa1b="false" separatefile="false" />
        <runscript active="false" empty="true" />
      </actions>
    </state.2>
    <state.2 aliases="VI02_for_Matching" deleted="false" full="true" guid="{15246F99-0CC6-4EF2-93BF-754D74AF98F1}" id="178" name="VI08 Vouchered not matched" wfid="114">
      <description />
      <inout checkaccess="false" editaccessrequired="false" restricttransitions="true">
        <acl>
          <cached id="aclcache-4-1" />
        </acl>
        <preconds>
          <flags value="0" />
          <criteria active="false" />
          <script active="false" empty="true" />
        </preconds>
        <postconds>
          <flags value="0" />
          <criteria active="false" />
          <script active="false" empty="true" />
        </postconds>
      </inout>
      <actions value="0">
        <delete active="false" />
        <markforarchiving active="false" />
        <changepermissions active="false" discardautomaticacls="false">
          <acl>
            <cached id="aclcache-1-1" />
          </acl>
        </changepermissions>
        <createassignment active="false" separate="false">
          <title />
          <description />
          <deadline days="14" specified="false" />
          <assignedto />
          <monitoredby />
        </createassignment>
        <sendnotification active="false">
          <subject />
          <message />
          <recipients />
        </sendnotification>
        <setproperties active="false" />
        <converttopdf active="false" failonunsupported="false" overwrite="false" pdfa1b="false" separatefile="false" />
        <runscript active="false" empty="true" />
      </actions>
    </state.2>
    <state.2 aliases="VI07e_Voucher_in_Epicor" deleted="false" full="true" guid="{3950DED1-0BA1-460D-A6E8-6DB0ED8B0369}" id="165" name="VI08 Vouchered not paid" wfid="114">
      <description />
      <inout checkaccess="false" editaccessrequired="false" restricttransitions="true">
        <acl>
          <cached id="aclcache-4-1" />
        </acl>
        <preconds>
          <flags value="0" />
          <criteria active="false" />
          <script active="false" empty="true" />
        </preconds>
        <postconds>
          <flags value="0" />
          <criteria active="false" />
          <script active="false" empty="true" />
        </postconds>
      </inout>
      <actions value="1">
        <delete active="false" />
        <markforarchiving active="false" />
        <changepermissions active="true" discardautomaticacls="false">
          <acl>
            <cached id="aclcache-1-5" />
          </acl>
        </changepermissions>
        <createassignment active="false" separate="false">
          <title />
          <description />
          <deadline days="14" specified="false" />
          <assignedto />
          <monitoredby />
        </createassignment>
        <sendnotification active="false">
          <subject />
          <message />
          <recipients />
        </sendnotification>
        <setproperties active="false" />
        <converttopdf active="false" failonunsupported="false" overwrite="false" pdfa1b="false" separatefile="false" />
        <runscript active="false" empty="true" />
      </actions>
    </state.2>
    <state.2 aliases="" deleted="false" full="true" guid="{20A29A46-0CBF-428B-A57D-26677A8DDAA0}" id="179" name="VI09 Paid not Matched" wfid="114">
      <description />
      <inout checkaccess="false" editaccessrequired="false" restricttransitions="true">
        <acl>
          <cached id="aclcache-4-1" />
        </acl>
        <preconds>
          <flags value="0" />
          <criteria active="false" />
          <script active="false" empty="true" />
        </preconds>
        <postconds>
          <flags value="0" />
          <criteria active="false" />
          <script active="false" empty="true" />
        </postconds>
      </inout>
      <actions value="0">
        <delete active="false" />
        <markforarchiving active="false" />
        <changepermissions active="false" discardautomaticacls="false">
          <acl>
            <cached id="aclcache-1-1" />
          </acl>
        </changepermissions>
        <createassignment active="false" separate="false">
          <title />
          <description />
          <deadline days="14" specified="false" />
          <assignedto />
          <monitoredby />
        </createassignment>
        <sendnotification active="false">
          <subject />
          <message />
          <recipients />
        </sendnotification>
        <setproperties active="false" />
        <converttopdf active="false" failonunsupported="false" overwrite="false" pdfa1b="false" separatefile="false" />
        <runscript active="false" empty="true" />
      </actions>
    </state.2>
    <state.2 aliases="VI09e_Paid" deleted="false" full="true" guid="{692FB4DC-D762-41F5-B346-9DC28B158535}" id="166" name="VI10 Paid and Matched" wfid="114">
      <description />
      <inout checkaccess="false" editaccessrequired="false" restricttransitions="true">
        <acl>
          <cached id="aclcache-4-1" />
        </acl>
        <preconds>
          <flags value="0" />
          <criteria active="false" />
          <script active="false" empty="true" />
        </preconds>
        <postconds>
          <flags value="0" />
          <criteria active="false" />
          <script active="false" empty="true" />
        </postconds>
      </inout>
      <actions value="1">
        <delete active="false" />
        <markforarchiving active="false" />
        <changepermissions active="true" discardautomaticacls="false">
          <acl>
            <cached id="aclcache-1-5" />
          </acl>
        </changepermissions>
        <createassignment active="false" separate="false">
          <title />
          <description />
          <deadline days="14" specified="false" />
          <assignedto />
          <monitoredby />
        </createassignment>
        <sendnotification active="false">
          <subject />
          <message />
          <recipients />
        </sendnotification>
        <setproperties active="false" />
        <converttopdf active="false" failonunsupported="false" overwrite="false" pdfa1b="false" separatefile="false" />
        <runscript active="false" empty="true" />
      </actions>
    </state.2>
  </states>
  <transitions>
    <transition aliases="" deleted="false" evalorder="100" fromstate="0" full="true" guid="{C12FA798-792D-4034-B76B-FFEA601F34A8}" id="43" name="" tostate="155" wfid="113">
      <description />
      <trigger type="None">
        <RelativeTime active="false" value="365" />
        <CriteriaFulfilled active="false" />
        <AllowedByScript active="false" empty="true" />
        <AssignmentComplete active="false" />
        <AssignmentRejected active="false" />
      </trigger>
      <acl>
        <cached id="aclcache-5-1" />
      </acl>
      <signature context="StateTransition" mode="Fixed" required="false" separate="false">
        <manifestation pdid="-2" />
        <reason />
        <meaning />
        <freeform pdid="-2" value="false" />
        <additionalinfo />
        <signatureid />
      </signature>
    </transition>
    <transition aliases="" deleted="false" evalorder="100" fromstate="155" full="true" guid="{79B3BB45-054D-4287-9DF8-EC6F252E355E}" id="44" name="" tostate="156" wfid="113">
      <description />
      <trigger type="None">
        <RelativeTime active="false" value="365" />
        <CriteriaFulfilled active="false" />
        <AllowedByScript active="false" empty="true" />
        <AssignmentComplete active="false" />
        <AssignmentRejected active="false" />
      </trigger>
      <acl>
        <cached id="aclcache-5-1" />
      </acl>
      <signature context="StateTransition" mode="Fixed" required="false" separate="false">
        <manifestation pdid="-2" />
        <reason />
        <meaning />
        <freeform pdid="-2" value="false" />
        <additionalinfo />
        <signatureid />
      </signature>
    </transition>
    <transition aliases="" deleted="false" evalorder="100" fromstate="156" full="true" guid="{4C331221-CF08-45DC-AF7D-9ED2CBB64046}" id="45" name="" tostate="157" wfid="113">
      <description />
      <trigger type="None">
        <RelativeTime active="false" value="365" />
        <CriteriaFulfilled active="false" />
        <AllowedByScript active="false" empty="true" />
        <AssignmentComplete active="false" />
        <AssignmentRejected active="false" />
      </trigger>
      <acl>
        <cached id="aclcache-5-1" />
      </acl>
      <signature context="StateTransition" mode="Fixed" required="false" separate="false">
        <manifestation pdid="-2" />
        <reason />
        <meaning />
        <freeform pdid="-2" value="false" />
        <additionalinfo />
        <signatureid />
      </signature>
    </transition>
    <transition aliases="" deleted="false" evalorder="100" fromstate="156" full="true" guid="{D236C7BC-78C2-491F-82B7-4D08FF461B2C}" id="46" name="" tostate="158" wfid="113">
      <description />
      <trigger type="None">
        <RelativeTime active="false" value="365" />
        <CriteriaFulfilled active="false" />
        <AllowedByScript active="false" empty="true" />
        <AssignmentComplete active="false" />
        <AssignmentRejected active="false" />
      </trigger>
      <acl>
        <cached id="aclcache-5-1" />
      </acl>
      <signature context="StateTransition" mode="Fixed" required="false" separate="false">
        <manifestation pdid="-2" />
        <reason />
        <meaning />
        <freeform pdid="-2" value="false" />
        <additionalinfo />
        <signatureid />
      </signature>
    </transition>
    <transition aliases="" deleted="false" evalorder="100" fromstate="158" full="true" guid="{BC52028D-4E75-4953-B6F9-F80E30A05395}" id="47" name="" tostate="157" wfid="113">
      <description />
      <trigger type="None">
        <RelativeTime active="false" value="365" />
        <CriteriaFulfilled active="false" />
        <AllowedByScript active="false" empty="true" />
        <AssignmentComplete active="false" />
        <AssignmentRejected active="false" />
      </trigger>
      <acl>
        <cached id="aclcache-5-1" />
      </acl>
      <signature context="StateTransition" mode="Fixed" required="false" separate="false">
        <manifestation pdid="-2" />
        <reason />
        <meaning />
        <freeform pdid="-2" value="false" />
        <additionalinfo />
        <signatureid />
      </signature>
    </transition>
    <transition aliases="" deleted="false" evalorder="100" fromstate="158" full="true" guid="{9C4E2EC0-4D82-4203-9C58-0B4D3CC1CBA1}" id="48" name="" tostate="155" wfid="113">
      <description />
      <trigger type="None">
        <RelativeTime active="false" value="365" />
        <CriteriaFulfilled active="false" />
        <AllowedByScript active="false" empty="true" />
        <AssignmentComplete active="false" />
        <AssignmentRejected active="false" />
      </trigger>
      <acl>
        <cached id="aclcache-5-1" />
      </acl>
      <signature context="StateTransition" mode="Fixed" required="false" separate="false">
        <manifestation pdid="-2" />
        <reason />
        <meaning />
        <freeform pdid="-2" value="false" />
        <additionalinfo />
        <signatureid />
      </signature>
    </transition>
    <transition aliases="" deleted="false" evalorder="100" fromstate="0" full="true" guid="{AC7732D2-0DCE-4C7B-97E2-CB70385A0C25}" id="49" name="" tostate="159" wfid="114">
      <description />
      <trigger type="None">
        <RelativeTime active="false" value="365" />
        <CriteriaFulfilled active="false" />
        <AllowedByScript active="false" empty="true" />
        <AssignmentComplete active="false" />
        <AssignmentRejected active="false" />
      </trigger>
      <acl>
        <cached id="aclcache-5-2" />
      </acl>
      <signature context="StateTransition" mode="Fixed" required="false" separate="false">
        <manifestation pdid="86" pdname="Signature manifestation" />
        <reason />
        <meaning>'%SIGNED_FROM_STATE%' -&gt; '%SIGNED_TO_STATE%'</meaning>
        <freeform pdid="-2" value="false" />
        <additionalinfo>%SIGNED_AT% %SIGNED_BY%</additionalinfo>
        <signatureid />
      </signature>
    </transition>
    <transition aliases="" deleted="false" evalorder="100" fromstate="159" full="true" guid="{D409B7DD-C6BF-44C7-A503-EBF117307862}" id="50" name="" tostate="160" wfid="114">
      <description />
      <trigger type="None">
        <RelativeTime active="false" value="365" />
        <CriteriaFulfilled active="false" />
        <AllowedByScript active="false" empty="true" />
        <AssignmentComplete active="false" />
        <AssignmentRejected active="false" />
      </trigger>
      <acl>
        <cached id="aclcache-5-2" />
      </acl>
      <signature context="StateTransition" mode="Fixed" required="false" separate="false">
        <manifestation pdid="86" pdname="Signature manifestation" />
        <reason />
        <meaning>'%SIGNED_FROM_STATE%' -&gt; '%SIGNED_TO_STATE%'</meaning>
        <freeform pdid="-2" value="false" />
        <additionalinfo>%SIGNED_AT% %SIGNED_BY%</additionalinfo>
        <signatureid />
      </signature>
    </transition>
    <transition aliases="" deleted="false" evalorder="100" fromstate="160" full="true" guid="{AED0E4CF-2003-4CC8-8598-21761955327B}" id="51" name="" tostate="161" wfid="114">
      <description />
      <trigger type="None">
        <RelativeTime active="false" value="365" />
        <CriteriaFulfilled active="false" />
        <AllowedByScript active="false" empty="true" />
        <AssignmentComplete active="false" />
        <AssignmentRejected active="false" />
      </trigger>
      <acl>
        <cached id="aclcache-5-2" />
      </acl>
      <signature context="StateTransition" mode="Fixed" required="false" separate="false">
        <manifestation pdid="86" pdname="Signature manifestation" />
        <reason />
        <meaning>'%SIGNED_FROM_STATE%' -&gt; '%SIGNED_TO_STATE%'</meaning>
        <freeform pdid="-2" value="false" />
        <additionalinfo>%SIGNED_AT% %SIGNED_BY%</additionalinfo>
        <signatureid />
      </signature>
    </transition>
    <transition aliases="" deleted="false" evalorder="100" fromstate="161" full="true" guid="{641B13A3-E819-4EBD-9C9A-A67D81EC5159}" id="52" name="" tostate="160" wfid="114">
      <description />
      <trigger type="None">
        <RelativeTime active="false" value="365" />
        <CriteriaFulfilled active="false" />
        <AllowedByScript active="false" empty="true" />
        <AssignmentComplete active="false" />
        <AssignmentRejected active="false" />
      </trigger>
      <acl>
        <cached id="aclcache-5-2" />
      </acl>
      <signature context="StateTransition" mode="Fixed" required="false" separate="false">
        <manifestation pdid="86" pdname="Signature manifestation" />
        <reason />
        <meaning>'%SIGNED_FROM_STATE%' -&gt; '%SIGNED_TO_STATE%'</meaning>
        <freeform pdid="-2" value="false" />
        <additionalinfo>%SIGNED_AT% %SIGNED_BY%</additionalinfo>
        <signatureid />
      </signature>
    </transition>
    <transition aliases="" deleted="false" evalorder="100" fromstate="163" full="true" guid="{865ABF15-F2E3-4F58-BA84-86128C88E460}" id="53" name="" tostate="165" wfid="114">
      <description />
      <trigger type="None">
        <RelativeTime active="false" value="365" />
        <CriteriaFulfilled active="false" />
        <AllowedByScript active="false" empty="true" />
        <AssignmentComplete active="false" />
        <AssignmentRejected active="false" />
      </trigger>
      <acl>
        <cached id="aclcache-5-3" />
      </acl>
      <signature context="StateTransition" mode="Fixed" required="false" separate="false">
        <manifestation pdid="86" pdname="Signature manifestation" />
        <reason />
        <meaning>'%SIGNED_FROM_STATE%' -&gt; '%SIGNED_TO_STATE%'</meaning>
        <freeform pdid="-2" value="false" />
        <additionalinfo>%SIGNED_AT% %SIGNED_BY%</additionalinfo>
        <signatureid />
      </signature>
    </transition>
    <transition aliases="" deleted="false" evalorder="100" fromstate="164" full="true" guid="{DE227E48-C156-47F6-B899-C6B8A2D581D4}" id="54" name="" tostate="161" wfid="114">
      <description />
      <trigger type="None">
        <RelativeTime active="false" value="365" />
        <CriteriaFulfilled active="false" />
        <AllowedByScript active="false" empty="true" />
        <AssignmentComplete active="false" />
        <AssignmentRejected active="false" />
      </trigger>
      <acl>
        <cached id="aclcache-5-4" />
      </acl>
      <signature context="StateTransition" mode="Fixed" required="false" separate="false">
        <manifestation pdid="86" pdname="Signature manifestation" />
        <reason />
        <meaning>'%SIGNED_FROM_STATE%' -&gt; '%SIGNED_TO_STATE%'</meaning>
        <freeform pdid="-2" value="false" />
        <additionalinfo>%SIGNED_AT% %SIGNED_BY%</additionalinfo>
        <signatureid />
      </signature>
    </transition>
    <transition aliases="" deleted="false" evalorder="100" fromstate="160" full="true" guid="{636D75BF-709A-467F-AFE8-CCF930D783F0}" id="55" name="" tostate="162" wfid="114">
      <description />
      <trigger type="None">
        <RelativeTime active="false" value="365" />
        <CriteriaFulfilled active="false" />
        <AllowedByScript active="false" empty="true" />
        <AssignmentComplete active="false" />
        <AssignmentRejected active="false" />
      </trigger>
      <acl>
        <cached id="aclcache-5-2" />
      </acl>
      <signature context="StateTransition" mode="Fixed" required="false" separate="false">
        <manifestation pdid="86" pdname="Signature manifestation" />
        <reason />
        <meaning>'%SIGNED_FROM_STATE%' -&gt; '%SIGNED_TO_STATE%'</meaning>
        <freeform pdid="-2" value="false" />
        <additionalinfo>%SIGNED_AT% %SIGNED_BY%</additionalinfo>
        <signatureid />
      </signature>
    </transition>
    <transition aliases="" deleted="false" evalorder="100" fromstate="161" full="true" guid="{A2C2BD87-FF17-481B-9F3B-23297F595E1B}" id="56" name="" tostate="162" wfid="114">
      <description />
      <trigger type="None">
        <RelativeTime active="false" value="365" />
        <CriteriaFulfilled active="false" />
        <AllowedByScript active="false" empty="true" />
        <AssignmentComplete active="false" />
        <AssignmentRejected active="false" />
      </trigger>
      <acl>
        <cached id="aclcache-5-4" />
      </acl>
      <signature context="StateTransition" mode="Fixed" required="false" separate="false">
        <manifestation pdid="86" pdname="Signature manifestation" />
        <reason />
        <meaning>'%SIGNED_FROM_STATE%' -&gt; '%SIGNED_TO_STATE%'</meaning>
        <freeform pdid="-2" value="false" />
        <additionalinfo>%SIGNED_AT% %SIGNED_BY%</additionalinfo>
        <signatureid />
      </signature>
    </transition>
    <transition aliases="" deleted="false" evalorder="100" fromstate="162" full="true" guid="{D224FEC1-FBB1-40CC-B3A1-CBD63C131ABB}" id="57" name="" tostate="161" wfid="114">
      <description />
      <trigger type="None">
        <RelativeTime active="false" value="365" />
        <CriteriaFulfilled active="false" />
        <AllowedByScript active="false" empty="true" />
        <AssignmentComplete active="false" />
        <AssignmentRejected active="false" />
      </trigger>
      <acl>
        <cached id="aclcache-5-2" />
      </acl>
      <signature context="StateTransition" mode="Fixed" required="false" separate="false">
        <manifestation pdid="86" pdname="Signature manifestation" />
        <reason />
        <meaning>'%SIGNED_FROM_STATE%' -&gt; '%SIGNED_TO_STATE%'</meaning>
        <freeform pdid="-2" value="false" />
        <additionalinfo>%SIGNED_AT% %SIGNED_BY%</additionalinfo>
        <signatureid />
      </signature>
    </transition>
    <transition aliases="" deleted="false" evalorder="100" fromstate="162" full="true" guid="{A627B9D2-5545-4F66-83BA-8F4DBDE7184F}" id="58" name="" tostate="177" wfid="114">
      <description />
      <trigger type="None">
        <RelativeTime active="false" value="365" />
        <CriteriaFulfilled active="false" />
        <AllowedByScript active="false" empty="true" />
        <AssignmentComplete active="false" />
        <AssignmentRejected active="false" />
      </trigger>
      <acl>
        <cached id="aclcache-5-5" />
      </acl>
      <signature context="StateTransition" mode="Fixed" required="false" separate="false">
        <manifestation pdid="86" pdname="Signature manifestation" />
        <reason />
        <meaning>'%SIGNED_FROM_STATE%' -&gt; '%SIGNED_TO_STATE%'</meaning>
        <freeform pdid="-2" value="false" />
        <additionalinfo>%SIGNED_AT% %SIGNED_BY%</additionalinfo>
        <signatureid />
      </signature>
    </transition>
    <transition aliases="" deleted="false" evalorder="100" fromstate="164" full="true" guid="{7862AB19-2EB0-48F1-A645-2555B7D7DEC3}" id="59" name="" tostate="177" wfid="114">
      <description />
      <trigger type="None">
        <RelativeTime active="false" value="365" />
        <CriteriaFulfilled active="false" />
        <AllowedByScript active="false" empty="true" />
        <AssignmentComplete active="false" />
        <AssignmentRejected active="false" />
      </trigger>
      <acl>
        <cached id="aclcache-5-6" />
      </acl>
      <signature context="StateTransition" mode="Fixed" required="false" separate="false">
        <manifestation pdid="86" pdname="Signature manifestation" />
        <reason />
        <meaning>'%SIGNED_FROM_STATE%' -&gt; '%SIGNED_TO_STATE%'</meaning>
        <freeform pdid="-2" value="false" />
        <additionalinfo>%SIGNED_AT% %SIGNED_BY%</additionalinfo>
        <signatureid />
      </signature>
    </transition>
    <transition aliases="" deleted="false" evalorder="100" fromstate="177" full="true" guid="{F8D9D36C-432B-4478-AD8E-68FB03FAADD9}" id="60" name="" tostate="163" wfid="114">
      <description />
      <trigger type="None">
        <RelativeTime active="false" value="365" />
        <CriteriaFulfilled active="false" />
        <AllowedByScript active="false" empty="true" />
        <AssignmentComplete active="false" />
        <AssignmentRejected active="false" />
      </trigger>
      <acl>
        <cached id="aclcache-5-1" />
      </acl>
      <signature context="StateTransition" mode="Fixed" required="false" separate="false">
        <manifestation pdid="-2" />
        <reason />
        <meaning />
        <freeform pdid="-2" value="false" />
        <additionalinfo />
        <signatureid />
      </signature>
    </transition>
    <transition aliases="" deleted="false" evalorder="100" fromstate="0" full="true" guid="{2455E5C8-69C9-4A27-94C6-E43D260DBB4E}" id="61" name="" tostate="165" wfid="114">
      <description />
      <trigger type="None">
        <RelativeTime active="false" value="365" />
        <CriteriaFulfilled active="false" />
        <AllowedByScript active="false" empty="true" />
        <AssignmentComplete active="false" />
        <AssignmentRejected active="false" />
      </trigger>
      <acl>
        <cached id="aclcache-5-7" />
      </acl>
      <signature context="StateTransition" mode="Fixed" required="false" separate="false">
        <manifestation pdid="-2" />
        <reason />
        <meaning />
        <freeform pdid="-2" value="false" />
        <additionalinfo />
        <signatureid />
      </signature>
    </transition>
    <transition aliases="" deleted="false" evalorder="100" fromstate="165" full="true" guid="{9E60B6D7-22A2-424B-8605-138706AF5417}" id="62" name="" tostate="0" wfid="114">
      <description />
      <trigger type="None">
        <RelativeTime active="false" value="365" />
        <CriteriaFulfilled active="false" />
        <AllowedByScript active="false" empty="true" />
        <AssignmentComplete active="false" />
        <AssignmentRejected active="false" />
      </trigger>
      <acl>
        <cached id="aclcache-5-7" />
      </acl>
      <signature context="StateTransition" mode="Fixed" required="false" separate="false">
        <manifestation pdid="-2" />
        <reason />
        <meaning />
        <freeform pdid="-2" value="false" />
        <additionalinfo />
        <signatureid />
      </signature>
    </transition>
    <transition aliases="" deleted="false" evalorder="100" fromstate="159" full="true" guid="{4C886E07-F6D6-4C32-A7F2-A5FFC7FDC62C}" id="173" name="" tostate="160" wfid="114">
      <description />
      <trigger type="CriteriaFulfilled">
        <RelativeTime active="false" value="365" />
        <CriteriaFulfilled active="true" />
        <AllowedByScript active="false" empty="true" />
        <AssignmentComplete active="false" />
        <AssignmentRejected active="false" />
      </trigger>
      <acl>
        <cached id="aclcache-5-8" />
      </acl>
      <signature context="StateTransition" mode="Fixed" required="false" separate="false">
        <manifestation pdid="0" pdname="Name or title" />
        <reason />
        <meaning />
        <freeform pdid="0" pdname="Name or title" value="false" />
        <additionalinfo />
        <signatureid />
      </signature>
    </transition>
    <transition aliases="" deleted="false" evalorder="100" fromstate="0" full="true" guid="{A095AABD-BF18-484F-A2E9-218D5257FFDB}" id="174" name="" tostate="178" wfid="114">
      <description />
      <trigger type="None">
        <RelativeTime active="false" value="365" />
        <CriteriaFulfilled active="false" />
        <AllowedByScript active="false" empty="true" />
        <AssignmentComplete active="false" />
        <AssignmentRejected active="false" />
      </trigger>
      <acl>
        <cached id="aclcache-5-1" />
      </acl>
      <signature context="StateTransition" mode="Fixed" required="false" separate="false">
        <manifestation pdid="-2" />
        <reason />
        <meaning />
        <freeform pdid="-2" value="false" />
        <additionalinfo />
        <signatureid />
      </signature>
    </transition>
    <transition aliases="" deleted="false" evalorder="100" fromstate="178" full="true" guid="{85BF1C8D-00F9-4CED-B62A-3B535E41539C}" id="175" name="" tostate="165" wfid="114">
      <description />
      <trigger type="None">
        <RelativeTime active="false" value="365" />
        <CriteriaFulfilled active="false" />
        <AllowedByScript active="false" empty="true" />
        <AssignmentComplete active="false" />
        <AssignmentRejected active="false" />
      </trigger>
      <acl>
        <cached id="aclcache-5-1" />
      </acl>
      <signature context="StateTransition" mode="Fixed" required="false" separate="false">
        <manifestation pdid="-2" />
        <reason />
        <meaning />
        <freeform pdid="-2" value="false" />
        <additionalinfo />
        <signatureid />
      </signature>
    </transition>
    <transition aliases="" deleted="false" evalorder="100" fromstate="165" full="true" guid="{2DD7DE57-A34C-45F6-8482-78C92EA89CF9}" id="176" name="" tostate="166" wfid="114">
      <description />
      <trigger type="None">
        <RelativeTime active="false" value="365" />
        <CriteriaFulfilled active="false" />
        <AllowedByScript active="false" empty="true" />
        <AssignmentComplete active="false" />
        <AssignmentRejected active="false" />
      </trigger>
      <acl>
        <cached id="aclcache-5-1" />
      </acl>
      <signature context="StateTransition" mode="Fixed" required="false" separate="false">
        <manifestation pdid="-2" />
        <reason />
        <meaning />
        <freeform pdid="-2" value="false" />
        <additionalinfo />
        <signatureid />
      </signature>
    </transition>
    <transition aliases="" deleted="false" evalorder="100" fromstate="178" full="true" guid="{35379356-B39C-496F-B845-E934A07AF0A4}" id="177" name="" tostate="179" wfid="114">
      <description />
      <trigger type="None">
        <RelativeTime active="false" value="365" />
        <CriteriaFulfilled active="false" />
        <AllowedByScript active="false" empty="true" />
        <AssignmentComplete active="false" />
        <AssignmentRejected active="false" />
      </trigger>
      <acl>
        <cached id="aclcache-5-1" />
      </acl>
      <signature context="StateTransition" mode="Fixed" required="false" separate="false">
        <manifestation pdid="-2" />
        <reason />
        <meaning />
        <freeform pdid="-2" value="false" />
        <additionalinfo />
        <signatureid />
      </signature>
    </transition>
    <transition aliases="" deleted="false" evalorder="100" fromstate="179" full="true" guid="{BC3748D4-BAC4-40E6-9CAE-BA355A407868}" id="178" name="" tostate="166" wfid="114">
      <description />
      <trigger type="None">
        <RelativeTime active="false" value="365" />
        <CriteriaFulfilled active="false" />
        <AllowedByScript active="false" empty="true" />
        <AssignmentComplete active="false" />
        <AssignmentRejected active="false" />
      </trigger>
      <acl>
        <cached id="aclcache-5-1" />
      </acl>
      <signature context="StateTransition" mode="Fixed" required="false" separate="false">
        <manifestation pdid="-2" />
        <reason />
        <meaning />
        <freeform pdid="-2" value="false" />
        <additionalinfo />
        <signatureid />
      </signature>
    </transition>
    <transition aliases="" deleted="false" evalorder="100" fromstate="165" full="true" guid="{4697F94A-4EF0-4586-9D56-F003D71DD1A0}" id="179" name="" tostate="179" wfid="114">
      <description />
      <trigger type="None">
        <RelativeTime active="false" value="365" />
        <CriteriaFulfilled active="false" />
        <AllowedByScript active="false" empty="true" />
        <AssignmentComplete active="false" />
        <AssignmentRejected active="false" />
      </trigger>
      <acl>
        <cached id="aclcache-5-1" />
      </acl>
      <signature context="StateTransition" mode="Fixed" required="false" separate="false">
        <manifestation pdid="-2" />
        <reason />
        <meaning />
        <freeform pdid="-2" value="false" />
        <additionalinfo />
        <signatureid />
      </signature>
    </transition>
  </transitions>
  <useraccounts>
    <user deleted="true" guid="{7BDD919A-1FCB-4444-A74D-2685CAA596D7}" id="34" name="Epicor Admin" />
  </useraccounts>
  <usergroups>
    <group aliases="" deleted="false" externalname="" guid="{9E126FBA-9FE2-4867-A1DF-B256436893AB}" id="1" name="All internal users" />
    <group aliases="" deleted="false" externalname="" guid="{C0038C58-FF9F-4D1B-80D9-407831486D35}" id="2" name="All internal and external users" />
    <group deleted="true" guid="{39D9B177-B9C5-40EB-BE33-D3812BA60432}" id="112" name="Accounts Preparer" />
    <group deleted="true" guid="{707DCF6C-D02B-4069-BC1C-5EBC4A27E1A4}" id="113" name="Approver group 1" />
    <group deleted="true" guid="{58EDDE53-3BB0-46E0-BEB9-08940AB2757A}" id="114" name="Approver group 2" />
  </usergroups>
</structure>